City_ID,City,Country,Lat,Lng,Max Temp,Humidity,Cloudiness,Wind Speed,Current Description
0,Port Alfred,ZA,-33.5906,26.891,59.27,57,0,12.19,clear sky
1,Tadine,NC,-21.55,167.8833,71.19,74,22,11.92,light rain
2,Busselton,AU,-33.65,115.3333,59.09,88,100,17.05,light rain
3,Faanui,PF,-16.4833,-151.75,81.79,73,5,13.6,clear sky
4,Puerto Ayora,EC,-0.7393,-90.3518,75.54,91,94,10.0,overcast clouds
5,Kibaya,TZ,-5.3,36.5667,66.94,60,22,5.57,few clouds
6,Rena,NO,61.1348,11.3641,49.82,70,89,3.36,overcast clouds
7,Butaritari,KI,3.0707,172.7902,83.61,79,100,19.51,overcast clouds
8,Matagami,CA,49.7502,-77.6328,59.11,97,90,5.82,overcast clouds
9,Punta Arenas,CL,-53.15,-70.9167,41.11,86,20,4.05,few clouds
10,Dikson,RU,73.5069,80.5464,31.28,90,100,6.15,overcast clouds
11,Vaini,TO,-21.2,-175.2,78.96,94,75,10.36,light rain
12,Touros,BR,-5.1989,-35.4608,72.5,82,9,11.1,clear sky
13,Palm Coast,US,29.585,-81.2078,73.99,72,1,13.0,clear sky
14,Port Augusta,AU,-32.5,137.7667,77.7,27,96,2.17,overcast clouds
15,Tiksi,RU,71.6872,128.8694,30.56,86,100,5.88,light snow
16,Klaksvik,FO,62.2266,-6.589,41.92,81,100,3.8,overcast clouds
17,Tasiilaq,GL,65.6145,-37.6368,28.87,73,100,4.36,overcast clouds
18,Mahebourg,MU,-20.4081,57.7,76.24,64,40,13.8,scattered clouds
19,Rikitea,PF,-23.1203,-134.9692,76.37,61,100,9.48,overcast clouds
20,Itigi,TZ,-5.7,34.4833,72.18,56,8,9.71,clear sky
21,Mapiri,BO,-15.25,-68.1667,68.65,98,100,0.58,overcast clouds
22,Beringovskiy,RU,63.05,179.3167,31.98,92,100,2.59,overcast clouds
23,Port Lincoln,AU,-34.7333,135.8667,66.38,45,98,5.73,overcast clouds
24,Albany,US,42.6001,-73.9662,68.31,71,100,3.44,overcast clouds
25,Atuona,PF,-9.8,-139.0333,79.9,71,10,17.09,clear sky
26,Mana,GF,5.6592,-53.7767,76.55,91,100,9.35,overcast clouds
27,Cherskiy,RU,68.75,161.3,34.25,73,100,10.69,overcast clouds
28,Poum,NC,-20.2333,164.0167,74.8,62,4,18.86,clear sky
29,Severo-Kurilsk,RU,50.6789,156.125,39.63,82,4,12.82,clear sky
30,Pevek,RU,69.7008,170.3133,30.09,90,91,6.98,overcast clouds
31,Bengkulu,ID,-3.8004,102.2655,81.82,69,83,4.59,broken clouds
32,Upernavik,GL,72.7868,-56.1549,24.28,94,100,3.18,overcast clouds
33,Boende,CD,-0.2167,20.8667,78.15,83,50,1.99,scattered clouds
34,Hobart,AU,-42.8794,147.3294,63.01,64,20,5.99,few clouds
35,Daru,PG,-9.0763,143.2092,78.91,89,100,17.76,overcast clouds
36,Coihaique,CL,-45.5752,-72.0662,37.35,100,38,3.44,scattered clouds
37,Mataura,NZ,-46.1927,168.8643,49.48,93,0,2.17,clear sky
38,New Norfolk,AU,-42.7826,147.0587,62.65,49,3,3.0,clear sky
39,Turgenevo,RU,54.8455,46.3297,64.8,84,92,12.33,overcast clouds
40,Nikolskoye,RU,59.7035,30.7861,55.78,47,15,11.36,few clouds
41,Sorong,ID,-0.8833,131.25,77.65,93,100,13.27,overcast clouds
42,Kapaa,US,22.0752,-159.319,78.78,71,85,1.99,light rain
43,Olinda,BR,-8.0089,-34.8553,76.73,71,40,7.67,scattered clouds
44,Victoria,HK,22.2855,114.1577,93.96,67,8,8.99,clear sky
45,Ushuaia,AR,-54.8,-68.3,37.06,87,40,6.91,light rain
46,Lorengau,PG,-2.0226,147.2712,83.75,76,64,0.63,broken clouds
47,Labuhan,ID,-6.8844,112.2051,83.71,71,60,8.19,broken clouds
48,Namatanai,PG,-3.6667,152.4333,84.09,75,38,6.42,scattered clouds
49,Rio Gallegos,AR,-51.6226,-69.2181,35.65,87,0,6.91,clear sky
50,Bambous Virieux,MU,-20.3428,57.7575,76.21,58,40,17.98,scattered clouds
51,Saint-Joseph,RE,-21.3667,55.6167,79.16,65,53,16.73,broken clouds
52,Arraial Do Cabo,BR,-22.9661,-42.0278,71.89,88,35,9.93,scattered clouds
53,Avarua,CK,-21.2078,-159.775,77.05,73,20,11.5,few clouds
54,Mount Gambier,AU,-37.8333,140.7667,67.91,42,58,8.05,broken clouds
55,San Quintin,MX,30.4833,-115.95,56.73,77,0,16.89,clear sky
56,Puerto Carreno,CO,6.189,-67.4859,78.98,80,89,3.47,overcast clouds
57,Cape Town,ZA,-33.9258,18.4232,53.11,60,0,3.2,clear sky
58,Hobyo,SO,5.3505,48.5268,84.78,63,70,21.47,broken clouds
59,Naze,JP,28.3667,129.4833,65.32,90,100,11.54,moderate rain
60,Banamba,ML,13.55,-7.45,86.7,40,87,4.23,overcast clouds
61,Kholm,RU,59.2667,32.85,56.5,53,8,12.26,moderate rain
62,Cabo San Lucas,MX,22.8909,-109.9124,76.8,67,65,11.01,broken clouds
63,Lososina,RU,48.9975,140.3106,61.92,59,100,10.4,overcast clouds
64,Mao,ES,39.8885,4.2658,63.16,94,40,13.8,scattered clouds
65,Constitucion,CL,-35.3333,-72.4167,48.65,79,0,6.58,clear sky
66,Fortuna,US,40.5982,-124.1573,50.94,59,90,1.99,overcast clouds
67,Cidreira,BR,-30.1811,-50.2056,64.24,94,100,11.56,overcast clouds
68,Kitob,UZ,39.0843,66.8332,82.98,23,18,7.56,few clouds
69,Lata,PT,40.1629,-8.3327,54.72,79,100,5.64,overcast clouds
70,Nemuro,JP,43.3236,145.575,52.23,98,100,17.43,overcast clouds
71,Octeville,FR,49.6261,-1.6435,51.93,44,90,22.35,overcast clouds
72,Tuatapere,NZ,-46.1333,167.6833,49.82,89,0,2.21,clear sky
73,Barrow,US,71.2906,-156.7887,33.82,80,40,14.97,scattered clouds
74,Narsaq,GL,60.9167,-46.05,24.96,80,67,3.42,broken clouds
75,Idaho Falls,US,43.4666,-112.0341,41.63,90,20,13.0,few clouds
76,Provideniya,RU,64.3833,-173.3,39.54,71,42,6.64,scattered clouds
77,Todos Santos,MX,23.45,-110.2167,76.3,62,87,4.41,overcast clouds
78,Kavieng,PG,-2.5744,150.7967,85.05,70,41,6.78,scattered clouds
79,Vila Velha,BR,-20.3297,-40.2925,71.94,82,0,4.0,clear sky
80,Salalah,OM,17.0151,54.0924,90.18,53,12,11.95,few clouds
81,Lazaro Cardenas,MX,17.9583,-102.2,74.48,68,0,3.2,clear sky
82,Hampden,US,42.1668,-72.5829,67.41,71,75,1.01,broken clouds
83,Luderitz,NA,-26.6481,15.1594,64.83,40,0,5.48,clear sky
84,Chokurdakh,RU,70.6333,147.9167,29.3,92,90,1.05,overcast clouds
85,Kokopo,PG,-4.352,152.2633,81.63,83,66,7.76,light rain
86,Cabanas,CU,22.9758,-82.9219,72.07,74,100,13.58,light rain
87,High Level,CA,58.5169,-117.136,57.31,41,90,10.02,overcast clouds
88,Jamestown,US,42.097,-79.2353,67.84,80,1,1.01,clear sky
89,Iqaluit,CA,63.7506,-68.5145,20.93,73,90,8.01,overcast clouds
90,Longyearbyen,SJ,78.2186,15.6401,24.64,63,75,3.44,broken clouds
91,Maieru,RO,47.4,24.75,61.88,69,100,4.61,overcast clouds
92,Tela,HN,15.7833,-87.45,80.08,92,98,4.97,overcast clouds
93,Izhevskoye,RU,54.5567,40.8703,62.19,56,70,5.84,broken clouds
94,Laguna,US,38.421,-121.4238,59.29,73,1,7.25,clear sky
95,Gamba,GA,-2.65,10.0,77.74,88,100,2.44,overcast clouds
96,Yomou,GN,7.5603,-9.2653,71.53,98,100,0.92,overcast clouds
97,Narrabri,AU,-30.3167,149.7833,69.89,43,10,6.91,clear sky
98,Ribeira Grande,PT,38.5167,-28.7,54.0,71,20,3.44,few clouds
99,Aklavik,CA,68.2191,-135.0107,56.23,60,100,13.22,overcast clouds
100,Kaitangata,NZ,-46.2817,169.8464,50.94,79,0,4.18,clear sky
101,Bethel,US,41.3712,-73.414,63.09,77,87,0.89,overcast clouds
102,Nouadhibou,MR,20.931,-17.0347,65.14,95,0,11.39,clear sky
103,Timra,SE,62.487,17.3257,46.08,76,90,4.61,overcast clouds
104,Aksay,RU,47.26,39.87,68.22,76,100,9.95,overcast clouds
105,Ponta Delgada,PT,37.7333,-25.6667,57.92,62,20,14.97,few clouds
106,Batemans Bay,AU,-35.7167,150.1833,61.92,87,0,2.44,clear sky
107,Guerrero Negro,MX,27.9769,-114.0611,58.77,71,0,19.91,clear sky
108,Mehamn,NO,71.0357,27.8492,34.56,66,100,23.13,overcast clouds
109,Souillac,MU,-20.5167,57.5167,76.35,60,40,18.72,scattered clouds
110,Hilo,US,19.7297,-155.09,70.79,91,90,5.75,light rain
111,Troitsko-Pechorsk,RU,62.7084,56.1964,69.19,43,100,13.91,overcast clouds
112,Andenes,NO,69.3143,16.1194,42.08,60,75,28.77,broken clouds
113,Barcelos,PT,41.5388,-8.6151,58.68,76,100,4.99,overcast clouds
114,Manokwari,ID,-0.8667,134.0833,82.44,75,69,4.9,moderate rain
115,Reinosa,ES,42.9996,-4.138,43.47,88,100,1.43,overcast clouds
116,Da Nang,VN,16.0678,108.2208,95.05,52,20,9.22,few clouds
117,Saldanha,ZA,-33.0117,17.9442,44.65,65,0,6.22,clear sky
118,Lerwick,GB,60.1545,-1.1494,44.6,67,100,16.69,overcast clouds
119,Acapulco,MX,16.8634,-99.8901,79.83,55,90,3.85,overcast clouds
120,Pathein,MM,16.7833,94.7333,94.28,47,97,8.59,overcast clouds
121,Itaituba,BR,-4.2761,-55.9836,72.32,99,66,1.79,broken clouds
122,Cape Coast,GH,5.1053,-1.2466,78.8,85,100,5.84,overcast clouds
123,Buchanan,LR,5.8808,-10.0467,77.79,88,95,2.91,overcast clouds
124,Khatanga,RU,71.9667,102.5,31.87,96,66,2.59,broken clouds
125,Kloulklubed,PW,7.0419,134.2556,82.06,75,100,4.03,overcast clouds
126,Shahr-E Babak,IR,30.1165,55.1186,81.99,9,20,3.49,few clouds
127,Cabra,ES,37.4725,-4.4421,69.91,57,87,1.36,overcast clouds
128,Punta Alta,AR,-38.8759,-62.0736,52.41,91,100,6.44,overcast clouds
129,Morro Bay,US,35.3658,-120.8499,52.77,89,7,4.56,clear sky
130,Chuy,UY,-33.6971,-53.4616,60.13,92,100,22.03,overcast clouds
131,Oxapampa,PE,-10.5775,-75.4017,58.21,97,79,2.75,broken clouds
132,Hamilton,US,39.1834,-84.5333,67.39,90,1,1.45,clear sky
133,Talnakh,RU,69.4865,88.3972,34.03,100,100,11.52,light rain
134,East London,ZA,-33.0153,27.9116,58.14,51,0,9.22,clear sky
135,Nanzhang,CN,31.7765,111.8386,78.58,59,85,6.71,light rain
136,Prattville,US,32.464,-86.4597,67.82,88,75,0.0,broken clouds
137,Port Antonio,JM,18.18,-76.4612,80.51,84,100,8.39,overcast clouds
138,Tautira,PF,-17.7333,-149.15,78.82,75,21,10.67,few clouds
139,Santa Rosa,PH,14.3122,121.1114,92.08,59,96,4.81,overcast clouds
140,Qaanaaq,GL,77.484,-69.3632,20.26,66,28,8.95,scattered clouds
141,Hualmay,PE,-11.0964,-77.6139,62.67,88,53,4.25,broken clouds
142,Saint-Philippe,RE,-21.3585,55.7679,80.15,67,61,15.64,broken clouds
143,Hermanus,ZA,-34.4187,19.2345,52.9,67,0,7.25,clear sky
144,Maumere,ID,-8.6199,122.2111,84.29,67,18,1.12,few clouds
145,Vestmannaeyjar,IS,63.4427,-20.2734,41.79,72,36,9.35,scattered clouds
146,Hedaru,TZ,-4.5,37.9,73.49,69,83,7.47,broken clouds
147,Kandalaksha,RU,67.162,32.4123,40.14,95,100,9.26,overcast clouds
148,Yulara,AU,-25.2406,130.9889,78.64,18,0,10.36,clear sky
149,Mackay,AU,-21.15,149.2,73.69,68,75,16.11,broken clouds
150,Praia Da Vitoria,PT,38.7333,-27.0667,57.45,62,20,17.85,few clouds
151,Maracaju,BR,-21.6144,-55.1683,70.3,80,5,7.76,clear sky
152,Vazhiny,RU,60.9644,34.0222,51.75,75,100,13.13,overcast clouds
153,Kirakira,SB,-10.4544,161.9205,79.92,86,48,8.52,light rain
154,Kavaratti,IN,10.5669,72.642,82.54,76,100,5.73,overcast clouds
155,Kushima,JP,31.4583,131.2333,69.84,80,100,8.14,overcast clouds
156,Apatou,GF,5.155,-54.3472,72.52,100,100,2.13,overcast clouds
157,Sardinia,GR,38.8833,21.2,67.21,52,4,2.62,clear sky
158,Karratha,AU,-20.7377,116.8463,84.38,24,0,8.93,clear sky
159,Mar Del Plata,AR,-38.0023,-57.5575,61.09,41,90,14.0,overcast clouds
160,Bluff,NZ,-46.6,168.3333,49.8,81,62,14.41,broken clouds
161,Lebu,CL,-37.6167,-73.65,49.66,87,40,1.74,scattered clouds
162,Viedma,AR,-40.8135,-62.9967,50.83,93,100,5.61,overcast clouds
163,Tammisaari,FI,59.9736,23.4339,54.05,73,22,12.66,few clouds
164,Olafsvik,IS,64.8945,-23.7142,37.44,70,8,13.76,clear sky
165,Kerema,PG,-7.9631,145.7785,81.14,80,47,5.44,light rain
166,Dingle,PH,10.9995,122.6711,86.88,64,49,1.74,scattered clouds
167,Bathurst,AU,-33.4166,149.5806,56.97,52,2,0.36,clear sky
168,Ngunguru,NZ,-35.6167,174.5,57.16,83,100,24.79,overcast clouds
169,Mogadishu,SO,2.0371,45.3438,84.07,65,40,13.8,scattered clouds
170,Kodinsk,RU,58.6881,99.1844,56.28,29,100,4.52,overcast clouds
171,Elizabeth City,US,36.2946,-76.2511,59.02,95,90,0.0,overcast clouds
172,Baffa,PK,34.4378,73.2194,84.54,27,10,3.09,clear sky
173,Katsuura,JP,35.1333,140.3,69.91,82,100,22.88,heavy intensity rain
174,Port Elizabeth,ZA,-33.918,25.5701,52.09,66,0,9.22,clear sky
175,Bredasdorp,ZA,-34.5322,20.0403,47.28,71,0,3.22,clear sky
176,Lepe,ES,37.2548,-7.2043,60.01,52,100,11.01,overcast clouds
177,Northam,GB,51.0333,-4.2167,50.02,90,99,15.41,light rain
178,Araouane,ML,18.9048,-3.5265,90.72,25,75,12.5,broken clouds
179,Ormara,PK,25.2088,64.6357,85.01,69,0,10.54,clear sky
180,Muisne,EC,0.6,-80.0333,75.61,90,100,8.95,moderate rain
181,Ponta Do Sol,PT,32.6667,-17.1,66.83,79,43,7.78,scattered clouds
182,Cockburn Town,TC,21.4612,-71.1419,77.22,75,99,18.05,overcast clouds
183,Thompson,CA,55.7435,-97.8558,28.56,86,75,2.3,broken clouds
184,Las Guacamayas,MX,18.0167,-102.2167,73.08,69,0,3.69,clear sky
185,Gunib,RU,42.3876,46.9651,83.59,23,2,3.49,clear sky
186,Haines Junction,CA,60.7522,-137.5108,44.55,57,99,5.75,overcast clouds
187,Ancud,CL,-41.8697,-73.8203,48.42,85,89,2.71,overcast clouds
188,Kajansi,UG,0.2081,32.5222,75.88,66,37,4.34,light rain
189,Yarensk,RU,62.1675,49.0916,61.02,62,70,13.24,light rain
190,Tuktoyaktuk,CA,69.4541,-133.0374,29.39,86,14,16.04,few clouds
191,Mabaruma,GY,8.2,-59.7833,73.65,96,51,3.91,broken clouds
192,Kodiak,US,57.79,-152.4072,41.81,92,63,3.4,broken clouds
193,George,ZA,-33.963,22.4617,47.75,76,0,4.61,clear sky
194,Bar Harbor,US,44.3876,-68.2039,55.24,75,90,4.0,overcast clouds
195,Kulhudhuffushi,MV,6.6221,73.07,83.41,78,100,19.13,light rain
196,Camalu,MX,30.85,-116.0667,55.42,79,3,10.09,clear sky
197,Aransas Pass,US,27.9095,-97.15,77.23,94,90,5.01,overcast clouds
198,Niteroi,BR,-22.8833,-43.1036,71.58,84,40,4.59,scattered clouds
199,Yaan,NG,7.3833,8.5667,78.67,80,87,4.83,overcast clouds
200,Sinnamary,GF,5.3833,-52.95,77.09,90,100,10.69,overcast clouds
201,Torbay,CA,47.6666,-52.7314,52.68,84,1,29.93,clear sky
202,Rehoboth,NA,-23.3167,17.0833,54.79,50,0,7.11,clear sky
203,Grand Gaube,MU,-20.0064,57.6608,77.38,58,74,8.99,broken clouds
204,Launceston,AU,-41.45,147.1667,55.15,79,0,3.0,clear sky
205,Amarillo,US,35.222,-101.8313,66.61,74,1,8.01,clear sky
206,Havoysund,NO,70.9963,24.6622,34.68,63,100,22.44,overcast clouds
207,Chapais,CA,49.7834,-74.8492,64.18,95,100,9.57,overcast clouds
208,Kudahuvadhoo,MV,2.6708,72.8944,84.06,71,88,13.85,overcast clouds
209,Goderich,CA,43.7501,-81.7165,68.32,64,100,4.61,overcast clouds
210,Shimoda,JP,34.6667,138.95,70.16,85,100,20.74,moderate rain
211,Saskylakh,RU,71.9167,114.0833,28.71,82,39,5.37,scattered clouds
212,Baleshwar,IN,21.4942,86.9317,96.3,46,12,10.29,few clouds
213,Kirov,RU,58.5966,49.6601,56.07,92,100,7.47,light rain
214,Muros,ES,42.7762,-9.0603,50.99,73,100,11.59,overcast clouds
215,Quelimane,MZ,-17.8786,36.8883,69.75,100,75,3.44,broken clouds
216,Castro,BR,-24.7911,-50.0119,58.62,86,100,12.19,light rain
217,Sisimiut,GL,66.9395,-53.6735,27.57,77,100,6.71,overcast clouds
218,Yellowknife,CA,62.456,-114.3525,43.32,52,20,1.99,few clouds
219,Carnarvon,AU,-24.8667,113.6333,80.67,41,100,14.97,overcast clouds
220,Prince Rupert,CA,54.3161,-130.3201,53.29,71,90,4.61,light rain
221,Sitka,US,57.0531,-135.33,48.09,87,90,11.5,light rain
222,Ozernovskiy,RU,51.5,156.5167,38.17,84,86,10.09,overcast clouds
223,Wanning,CN,18.8003,110.3967,90.19,66,12,14.52,few clouds
224,Antalaha,MG,-14.9003,50.2788,75.4,80,61,12.37,light rain
225,Namibe,AO,-15.1961,12.1522,75.18,59,0,5.19,clear sky
226,Sakakah,SA,29.9697,40.2064,83.77,16,55,14.92,broken clouds
227,Mayo,US,38.8876,-76.5119,68.09,72,66,1.99,broken clouds
228,Savinka,RU,50.0785,47.0994,84.79,31,89,14.12,overcast clouds
229,Altay,CN,47.8667,88.1167,55.18,25,7,10.13,clear sky
230,Nynashamn,SE,58.9034,17.9479,56.16,77,90,9.35,overcast clouds
231,Beira,MZ,-19.8436,34.8389,69.89,100,75,4.16,broken clouds
232,Bam,IR,29.106,58.357,89.13,9,0,13.06,clear sky
233,Kayes,ML,14.0,-11.0,84.7,17,27,5.93,scattered clouds
234,Dongsheng,CN,39.8161,109.9776,53.98,52,100,30.11,light rain
235,Talakan,RU,50.3167,130.3667,87.55,28,1,10.07,clear sky
236,Tema,GH,5.667,-0.0166,79.21,79,0,8.84,clear sky
237,Pryazha,RU,61.6926,33.6216,47.43,93,100,13.0,light rain
238,Maragogi,BR,-9.0122,-35.2225,76.19,80,100,7.02,overcast clouds
239,Macusani,PE,-14.0833,-70.4333,32.16,79,70,2.35,broken clouds
240,Sur,OM,22.5667,59.5289,97.47,36,0,9.19,clear sky
241,Lompoc,US,34.6391,-120.4579,54.37,68,90,9.22,overcast clouds
242,Sorland,NO,67.667,12.6934,41.41,76,100,27.34,overcast clouds
243,Grants,US,35.1473,-107.8514,52.03,54,1,9.22,clear sky
244,Camargo,MX,27.6667,-105.1667,77.09,18,90,1.95,overcast clouds
245,Hofn,IS,64.2539,-15.2082,39.22,56,100,15.5,light rain
246,Ordynskoye,RU,54.3656,81.8994,57.78,77,96,10.31,overcast clouds
247,Paracuru,BR,-3.41,-39.0306,78.82,88,21,9.6,few clouds
248,Norman Wells,CA,65.282,-126.8329,59.04,38,75,5.75,broken clouds
249,Yerbogachen,RU,61.2767,108.0108,54.07,30,100,0.34,overcast clouds
250,Kinablangan,PH,7.6947,126.5503,84.42,75,36,7.47,scattered clouds
251,Pangkalanbuun,ID,-2.6833,111.6167,85.82,71,95,3.42,light rain
252,Iranshahr,IR,27.2025,60.6848,98.94,8,0,9.22,clear sky
253,Pindi Gheb,PK,33.2402,72.2661,95.14,16,0,5.88,clear sky
254,Gari,RU,59.4307,62.3497,76.19,38,100,15.05,overcast clouds
255,Nehe,CN,48.4833,124.8333,93.67,17,52,21.81,broken clouds
256,Carballo,ES,43.213,-8.691,51.55,90,99,5.28,overcast clouds
257,Morant Bay,JM,17.8815,-76.4093,80.22,84,100,11.86,overcast clouds
258,Asau,RO,46.4333,26.4,64.96,57,100,4.12,overcast clouds
259,Eyl,SO,7.9803,49.8164,86.83,52,100,21.68,overcast clouds
260,Krasnorechenskiy,RU,44.6265,135.3532,70.5,41,18,12.48,few clouds
261,Cabedelo,BR,-6.9811,-34.8339,72.27,62,100,11.27,overcast clouds
262,Ust-Kuyga,RU,70.0167,135.6,33.48,68,100,7.47,overcast clouds
263,Lima,PE,-12.0432,-77.0282,63.14,82,90,9.22,overcast clouds
264,Mungwi,ZM,-10.1732,31.3694,65.73,50,32,6.89,scattered clouds
265,Florianopolis,BR,-27.6146,-48.5012,68.63,97,75,1.99,moderate rain
266,Loanda,AO,-8.8368,13.2343,75.2,94,40,2.3,scattered clouds
267,Sao Filipe,CV,14.8961,-24.4956,71.74,78,3,9.69,clear sky
268,Ostersund,SE,63.1792,14.6357,47.61,61,100,5.75,overcast clouds
269,Hambantota,LK,6.1241,81.1185,86.34,67,40,20.96,scattered clouds
270,Cayenne,GF,4.9333,-52.3333,76.08,90,90,1.01,overcast clouds
271,Tres Passos,BR,-27.4556,-53.9319,62.6,98,100,5.08,overcast clouds
272,Zyryanka,RU,65.75,150.85,50.74,35,98,2.8,overcast clouds
273,Husavik,IS,66.0449,-17.3389,33.71,77,87,4.25,overcast clouds
274,Middle Island,US,40.8843,-72.9373,62.17,82,1,1.01,clear sky
275,Kruisfontein,ZA,-34.0033,24.7314,53.49,55,4,4.76,clear sky
276,Weiz,AT,47.2167,15.6167,61.27,72,100,2.59,overcast clouds
277,Maniitsoq,GL,65.4167,-52.9,29.59,68,64,14.12,broken clouds
278,Paraiso,CR,9.8383,-83.8656,68.86,96,100,3.0,overcast clouds
279,Dangtu,CN,31.5723,118.4928,84.25,51,11,13.06,few clouds
280,Pangnirtung,CA,66.1451,-65.7125,13.98,94,100,7.74,light snow
281,Thinadhoo,MV,0.5333,72.9333,84.38,71,94,10.33,overcast clouds
282,Mitsamiouli,KM,-11.3847,43.2844,81.12,62,5,8.79,clear sky
283,Luebo,CD,-5.35,21.4167,77.92,52,100,2.46,overcast clouds
284,Eston,CA,51.1501,-108.7514,39.09,88,100,3.15,overcast clouds
285,Zuwarah,LY,32.9312,12.082,72.3,58,1,6.73,clear sky
286,Nyzhni Sirohozy,UA,46.8484,34.3804,64.81,55,100,17.07,overcast clouds
287,Dharmadam,IN,11.7833,75.4333,83.62,75,41,6.17,scattered clouds
288,Kidal,ML,18.4411,1.4078,95.43,20,99,4.9,overcast clouds
289,Mweka,CD,-4.85,21.5667,77.54,55,100,2.89,overcast clouds
290,Yubari,JP,43.0378,141.9578,62.94,82,100,3.96,overcast clouds
291,Jinxiang,CN,27.4327,120.6062,66.22,94,100,12.06,moderate rain
292,Omboue,GA,-1.5746,9.2618,75.87,92,100,4.25,light rain
293,Codrington,AU,-38.2667,141.9667,60.26,57,5,7.45,clear sky
294,Mastic Beach,US,40.7668,-72.8521,61.99,87,1,1.01,clear sky
295,Malinovoye Ozero,RU,51.6753,79.7825,71.65,41,100,6.11,overcast clouds
296,Chicama,PE,-7.8447,-79.1469,63.72,87,45,4.61,scattered clouds
297,Linjiang,CN,41.8069,126.9078,81.61,32,75,8.34,broken clouds
298,Marquette,US,46.5333,-87.6335,65.77,96,98,8.84,overcast clouds
299,Marzuq,YE,14.4,46.4667,90.37,12,92,9.51,overcast clouds
300,Esmeraldas,BR,-19.7625,-44.3139,63.46,56,92,2.28,overcast clouds
301,Kholtoson,RU,50.2981,103.3097,41.68,41,100,14.07,overcast clouds
302,Usinsk,RU,65.9939,57.5281,71.91,43,100,24.72,overcast clouds
303,Alofi,NU,-19.0595,-169.9187,78.69,94,100,4.61,light rain
304,Airai,TL,-8.9266,125.4092,69.96,62,100,2.44,overcast clouds
305,Gat,IL,31.61,34.7642,75.78,53,0,12.01,clear sky
306,Yatou,CN,37.15,122.3833,71.55,57,0,15.12,clear sky
307,Sambava,MG,-14.2667,50.1667,75.15,75,100,12.8,light rain
308,Athens,GR,37.9795,23.7162,75.27,49,0,1.99,clear sky
309,Riyadh,SA,24.6877,46.7219,102.34,17,0,0.0,clear sky
310,Kawalu,ID,-7.3817,108.2082,88.59,49,78,5.5,broken clouds
311,Richards Bay,ZA,-28.783,32.0377,65.37,78,90,7.56,light rain
312,Jumla,NP,29.2747,82.1838,73.96,32,5,7.9,clear sky
313,Emba,KZ,48.8264,58.1442,84.63,22,53,11.63,broken clouds
314,San Bartolome De Tirajana,ES,27.9248,-15.5733,61.32,80,20,14.58,few clouds
315,Srandakan,ID,-7.9386,110.2506,84.31,71,66,13.18,broken clouds
316,Flinders,AU,-34.5833,150.8552,65.48,73,0,0.89,clear sky
317,Ilulissat,GL,69.2167,-51.1,27.46,90,100,9.75,overcast clouds
318,Antofagasta,CL,-23.65,-70.4,58.28,60,4,10.0,clear sky
319,Sao Joao Da Barra,BR,-21.6403,-41.0511,70.57,90,100,3.13,overcast clouds
320,Alice Springs,AU,-23.7,133.8833,76.55,21,0,11.99,clear sky
321,Zatoka,UA,46.0725,30.4654,66.74,66,0,7.92,clear sky
322,Lavrentiya,RU,65.5833,-171.0,31.93,95,61,2.55,broken clouds
323,Bouza,NE,14.4229,6.0428,89.49,32,0,8.97,clear sky
324,Bose,IT,45.4612,8.0137,57.22,81,97,2.33,overcast clouds
325,Tabira,BR,-7.5908,-37.5394,65.64,97,54,5.82,broken clouds
326,Lewisporte,CA,49.2499,-55.0482,55.11,53,100,12.3,overcast clouds
327,Waipawa,NZ,-41.4122,175.5153,51.03,69,100,7.96,overcast clouds
328,Clyde River,CA,70.4692,-68.5914,3.43,92,1,4.61,clear sky
329,Pringsewu,ID,-5.3582,104.9744,86.76,67,67,1.52,broken clouds
330,Saint George,US,37.1041,-113.5841,53.8,28,1,1.99,clear sky
331,Songjianghe,CN,42.1859,127.479,78.8,27,91,4.94,light rain
332,Solnechnyy,RU,50.7214,136.6319,76.6,49,100,5.1,overcast clouds
333,Zhezkazgan,KZ,47.8043,67.7144,78.15,25,0,11.21,clear sky
334,La Ronge,CA,55.1001,-105.2842,37.65,56,40,2.3,scattered clouds
335,Batticaloa,LK,7.7102,81.6924,87.93,63,100,4.54,overcast clouds
336,Chapleau,CA,47.8405,-83.4034,62.24,96,100,7.65,overcast clouds
337,Llanes,ES,43.4198,-4.7549,55.87,77,100,12.77,overcast clouds
338,Akyab,MM,20.15,92.9,89.85,62,19,13.24,few clouds
339,Rakaia,NZ,-43.75,172.0167,47.8,92,0,6.31,clear sky
340,Limerick,IE,52.6647,-8.6231,44.55,76,100,6.04,overcast clouds
341,Nuuk,GL,64.1835,-51.7216,30.16,68,100,10.09,overcast clouds
342,Rocha,UY,-34.4833,-54.3333,57.33,96,100,21.09,moderate rain
343,Zalantun,CN,48.0,122.7167,93.27,15,90,20.65,overcast clouds
344,Qaqortoq,GL,60.7167,-46.0333,30.7,84,29,1.79,scattered clouds
345,Cahors,FR,44.4167,1.3333,52.14,92,100,2.04,overcast clouds
346,Ucluelet,CA,48.9329,-125.5528,53.1,89,88,9.89,overcast clouds
347,Quimperle,FR,47.8667,-3.55,54.95,80,75,18.63,broken clouds
348,Onega,RU,63.9061,38.1404,52.0,66,98,13.73,overcast clouds
349,Moultrie,US,31.1799,-83.7891,67.8,88,1,5.64,clear sky
350,Buritizeiro,BR,-17.3511,-44.9622,64.11,60,38,0.74,scattered clouds
351,Port Blair,IN,11.6667,92.75,82.74,82,100,16.04,moderate rain
352,Kempele,FI,64.9131,25.5034,44.13,93,90,5.75,overcast clouds
353,Gympie,AU,-26.1898,152.665,65.32,70,0,6.87,clear sky
354,Eyemouth,GB,55.8713,-2.0901,43.84,78,100,20.69,overcast clouds
355,Liverpool,GB,53.4106,-2.9779,47.68,78,100,1.99,light rain
356,Cururupu,BR,-1.8283,-44.8683,75.06,95,13,3.44,few clouds
357,Kununurra,AU,-15.7667,128.7333,91.38,29,88,6.91,overcast clouds
358,Chulman,RU,56.8479,124.9104,44.8,51,100,12.17,overcast clouds
359,Bemidji,US,47.4736,-94.8803,71.69,73,1,10.36,clear sky
360,Georgetown,MY,5.4112,100.3354,89.89,66,20,1.01,few clouds
361,Balakhta,RU,55.38,91.6,51.93,51,100,7.94,overcast clouds
362,Awjilah,LY,29.1081,21.2869,73.78,36,0,11.48,clear sky
363,Tanout,NE,14.9709,8.8879,88.56,9,92,8.59,overcast clouds
364,Barranca,PE,-10.75,-77.7667,63.77,82,100,4.56,overcast clouds
365,Khandbari,NP,27.3747,87.2039,86.41,50,29,6.82,scattered clouds
366,Mahanoro,MG,-19.9,48.8,74.39,66,100,9.26,overcast clouds
367,Svetlaya,RU,46.5389,138.3297,55.18,71,100,4.65,overcast clouds
368,Portland,US,45.5234,-122.6762,52.56,84,0,1.99,clear sky
369,Asyut,EG,27.181,31.1837,75.38,32,0,17.69,clear sky
370,Belmonte,BR,-15.8631,-38.8828,70.3,82,97,4.79,overcast clouds
371,Tornio,FI,65.8481,24.1466,37.42,90,100,17.13,overcast clouds
372,Champerico,GT,14.3,-91.9167,83.35,78,4,5.97,clear sky
373,Sabha,LY,27.0377,14.4283,88.05,19,0,14.54,clear sky
374,Hithadhoo,MV,-0.6,73.0833,84.16,71,29,9.06,scattered clouds
375,Koumac,NC,-20.5667,164.2833,72.84,66,61,13.44,broken clouds
376,Oum Hadjer,TD,13.2954,19.6966,93.18,35,49,15.5,scattered clouds
377,Saldana,CO,3.9292,-75.0152,72.77,93,100,1.77,overcast clouds
378,Szczecinek,PL,53.7079,16.6994,54.34,82,100,8.68,overcast clouds
379,Sol-Iletsk,RU,51.1631,54.9918,82.67,34,11,13.71,few clouds
380,Sangar,RU,63.9242,127.4739,50.02,32,43,14.97,scattered clouds
381,Mount Isa,AU,-20.7333,139.5,82.17,26,35,6.91,scattered clouds
382,Kuito,AO,-12.3833,16.9333,55.54,82,0,5.75,clear sky
383,Moron,AR,-34.6534,-58.6198,57.9,98,100,3.94,light rain
384,Vardo,NO,70.3705,31.1107,33.73,86,100,28.05,light snow
385,Hasaki,JP,35.7333,140.8333,65.17,74,100,15.48,moderate rain
386,Pontianak,ID,-0.0333,109.3333,80.58,62,75,9.04,light rain
387,Lagoa,PT,39.05,-27.9833,57.78,56,4,17.27,clear sky
388,Kahului,US,20.8947,-156.47,75.85,72,20,12.66,few clouds
389,Gangapur,IN,26.4833,76.7167,98.29,29,0,5.86,clear sky
390,Barraute,CA,48.4335,-77.6328,68.27,95,100,8.9,light rain
391,Westport,US,41.1415,-73.3579,64.18,89,89,1.54,overcast clouds
392,Makaha,US,21.4694,-158.2175,76.95,69,20,11.63,few clouds
393,Georgiyevka,KZ,43.0369,74.7114,78.84,28,0,7.0,clear sky
394,Homer,US,59.6425,-151.5483,47.08,85,98,8.99,overcast clouds
395,Lewistown,US,40.5992,-77.5714,68.74,85,1,0.0,clear sky
396,Youghal,IE,51.95,-7.8506,49.01,73,61,12.06,broken clouds
397,Benjamin Constant,BR,-4.3831,-70.0311,73.17,99,100,1.23,overcast clouds
398,Bilma,NE,18.6853,12.9164,90.82,10,0,12.8,clear sky
399,Amarpur,IN,25.0333,86.9,99.72,30,17,6.6,few clouds
400,Huarmey,PE,-10.0681,-78.1522,63.86,88,82,5.64,broken clouds
401,Melioratorov,RU,57.2107,65.6077,79.18,32,0,14.5,clear sky
402,Pozo Colorado,PY,-23.4923,-58.7972,66.43,76,98,10.42,overcast clouds
403,Necochea,AR,-38.5473,-58.7368,56.03,73,100,11.34,light rain
404,Ulundi,ZA,-28.3352,31.4162,61.29,70,96,3.06,overcast clouds
405,Genoa,IT,44.4129,8.9573,63.32,74,75,1.01,broken clouds
406,Igrim,RU,63.1906,64.4162,79.41,32,0,14.65,clear sky
407,Steinbach,DE,50.1667,8.5667,52.38,72,75,14.43,broken clouds
408,Aksarka,RU,66.5606,67.7975,77.34,32,0,8.84,clear sky
409,Valdivia,CL,-39.8142,-73.2459,44.69,99,95,1.34,overcast clouds
410,Kolobrzeg,PL,54.1757,15.5834,54.97,82,53,11.21,broken clouds
411,Kuala Terengganu,MY,5.3302,103.1408,89.55,70,20,5.75,few clouds
412,Half Moon Bay,US,37.4636,-122.4286,54.75,87,90,0.0,overcast clouds
413,Neiafu,TO,-18.65,-173.9833,77.68,94,75,8.05,light rain
414,La Union,PE,-5.4,-80.75,66.97,75,8,10.74,clear sky
415,Ostrovnoy,RU,68.0531,39.5131,40.1,91,100,7.11,overcast clouds
416,Puerto Ayacucho,VE,5.6639,-67.6236,75.43,92,98,2.91,overcast clouds
417,Egvekinot,RU,66.3167,-179.1667,29.12,90,53,3.04,broken clouds
418,Hue,VN,16.4667,107.6,95.11,50,20,12.84,few clouds
419,Pimentel,PE,-6.8367,-79.9342,66.0,82,71,1.99,broken clouds
420,Yeniseysk,RU,58.4497,92.1703,53.49,41,100,7.65,overcast clouds
421,Cap Malheureux,MU,-19.9842,57.6142,77.47,58,65,8.99,broken clouds
422,Padang,ID,-0.9492,100.3543,87.85,69,100,5.75,overcast clouds
423,Lamu,KE,-2.2717,40.902,82.44,69,7,15.7,clear sky
424,Archidona,ES,37.0965,-4.3887,70.92,50,100,3.98,overcast clouds
425,Ouro Preto,BR,-20.3948,-43.5052,56.43,73,40,3.0,scattered clouds
426,Skjervoy,NO,70.0311,20.9714,39.18,59,89,18.54,overcast clouds
427,Umm Lajj,SA,25.0213,37.2685,86.9,52,0,14.92,clear sky
428,Arcata,US,40.8665,-124.0828,51.21,76,44,5.99,scattered clouds
429,Kamyshin,RU,50.0983,45.416,77.67,42,100,1.07,overcast clouds
430,Great Yarmouth,GB,52.6083,1.7305,48.45,94,100,19.91,overcast clouds
431,Arona,ES,28.0996,-16.681,67.03,56,0,3.0,clear sky
432,Poiana Stampei,RO,47.3167,25.1333,57.04,53,100,5.59,overcast clouds
433,Poya,NC,-21.35,165.15,69.87,77,29,7.7,scattered clouds
434,Grindavik,IS,63.8424,-22.4338,37.87,58,0,15.14,clear sky
435,Pathalgaon,IN,22.5667,83.4667,98.58,20,7,10.16,clear sky
436,Honiara,SB,-9.4333,159.95,79.83,88,85,0.45,overcast clouds
437,Saint-Laurent-Du-Var,FR,43.671,7.1761,59.92,88,75,5.75,broken clouds
438,Leningradskiy,RU,69.3833,178.4167,32.22,90,100,6.44,overcast clouds
439,Wattegama,LK,6.7989,81.4808,85.12,48,42,14.03,scattered clouds
440,Hagi,JP,34.4,131.4167,73.0,68,2,7.07,clear sky
441,Kolosovka,RU,56.4678,73.611,80.55,35,7,11.39,clear sky
442,Atar,MR,20.5169,-13.0499,78.24,40,5,0.89,clear sky
443,Merauke,ID,-8.4667,140.3333,81.45,84,85,15.55,overcast clouds
444,Komsomolskiy,UZ,40.4272,71.7189,83.12,23,51,4.61,broken clouds
445,Meulaboh,ID,4.1363,96.1285,86.77,62,68,5.77,broken clouds
446,Petropavlovsk-Kamchatskiy,RU,53.0452,158.6483,59.59,40,7,11.25,clear sky
447,Mwinilunga,ZM,-11.7358,24.4293,66.29,49,1,8.75,clear sky
448,Turan,VN,16.0678,108.2208,95.05,52,20,9.22,few clouds
449,Dobric,RS,44.7019,19.5814,64.76,59,99,5.06,overcast clouds
450,Bairiki,KI,1.3292,172.9752,84.2,82,75,21.3,light rain
451,Wewak,PG,-3.5534,143.6268,84.52,74,4,8.57,clear sky
452,Hami,CN,42.8,93.45,65.37,12,18,4.74,few clouds
453,Fairbanks,US,64.8378,-147.7164,55.4,56,90,5.75,overcast clouds
454,Basoko,CD,1.2391,23.616,75.63,89,94,3.42,overcast clouds
455,Saint-Pierre,RE,-21.3393,55.4781,80.24,72,75,24.16,broken clouds
456,Undory,RU,54.6085,48.3928,76.24,64,99,12.93,overcast clouds
457,Itupiranga,BR,-5.1347,-49.3267,79.12,96,30,1.03,scattered clouds
458,Karla,EE,59.3723,24.9275,56.14,58,0,9.22,clear sky
459,Mmabatho,ZA,-25.85,25.6333,51.76,32,3,12.1,clear sky
460,Moratuwa,LK,6.773,79.8816,87.82,77,100,14.34,overcast clouds
461,Huaidian,CN,33.4333,115.0333,88.93,35,84,7.81,broken clouds
462,Saint-Raphael,HT,19.4333,-72.2,68.5,96,90,3.11,overcast clouds
463,Lithgow,AU,-33.4833,150.15,54.09,67,3,2.42,clear sky
464,Callaway,US,30.153,-85.5699,73.9,73,1,3.0,clear sky
465,Verkhoyansk,RU,67.5447,133.385,47.26,35,100,7.34,overcast clouds
466,Tagusao,PH,9.1924,117.8141,84.36,74,100,5.88,overcast clouds
467,Isangel,VU,-19.55,169.2667,75.31,73,40,8.66,scattered clouds
468,Talkha,EG,31.0539,31.3779,77.38,35,0,10.58,clear sky
469,Erzincan,TR,39.75,39.5,79.65,28,100,15.46,overcast clouds
470,Bezhetsk,RU,57.7851,36.6965,56.98,53,0,13.04,clear sky
471,Kaseda,JP,31.4167,130.3167,67.23,72,100,6.58,overcast clouds
472,Harnosand,SE,62.6323,17.9379,46.4,68,100,7.31,overcast clouds
473,Salta,AR,-24.7859,-65.4117,54.19,65,90,4.0,overcast clouds
474,Sterling,US,39.0062,-77.4286,66.54,75,1,4.54,clear sky
475,North Platte,US,41.1239,-100.7654,69.26,81,100,5.01,overcast clouds
476,Ternate,ID,0.8,127.4,79.2,83,100,6.49,overcast clouds
477,Teya,RU,60.3778,92.6267,53.04,35,100,8.08,overcast clouds
478,Vershino-Shakhtaminskiy,RU,51.3012,117.8868,34.65,97,100,6.08,light rain
479,Hervey Bay,AU,-25.2986,152.8535,73.51,76,9,5.99,clear sky
480,Tual,ID,-5.6667,132.75,80.74,84,96,21.61,light rain
481,Santa Cruz,BO,-17.8,-63.1667,72.86,79,75,5.77,broken clouds
482,Laiwu,CN,36.1928,117.6569,88.92,32,56,11.45,broken clouds
483,Zhigalovo,RU,54.8097,105.1578,53.22,22,100,11.14,overcast clouds
484,Iskateley,RU,67.6803,53.1512,68.94,54,100,17.56,overcast clouds
485,Puerto Escondido,MX,15.85,-97.0667,82.24,69,1,3.69,clear sky
486,Luanda,AO,-8.8368,13.2343,75.2,94,40,2.3,scattered clouds
487,Dekar,BW,-21.5333,21.9333,57.96,32,0,12.06,clear sky
488,Balykshi,KZ,47.0667,51.8667,95.0,15,22,22.37,few clouds
489,Waitati,NZ,-45.75,170.5667,49.8,77,0,2.62,clear sky
490,Paracatu,BR,-17.2222,-46.8747,63.07,57,31,2.01,scattered clouds
491,Matara,LK,5.9485,80.5353,83.79,79,82,12.46,broken clouds
492,Oktyabrskoye,RU,43.0645,44.7417,87.94,41,40,5.59,scattered clouds
493,San Carlos,VE,9.6612,-68.5827,77.47,74,100,1.81,overcast clouds
494,Maceio,BR,-9.6658,-35.7353,74.64,82,75,8.57,broken clouds
495,Las Palmas,ES,28.4204,-14.0131,66.99,81,20,9.73,few clouds
496,Saint-Denis,FR,48.9167,2.3333,54.75,72,75,10.0,broken clouds
497,Mayya,RU,61.7333,130.2811,56.52,23,90,10.38,overcast clouds
498,Victor Harbor,AU,-35.5667,138.6167,73.49,29,60,2.98,broken clouds
499,Gladstone,AU,-23.85,151.25,71.53,64,40,16.11,scattered clouds
500,Pangai,TO,-19.8,-174.35,80.71,83,75,4.61,light rain
501,Volkhov,RU,59.9258,32.3382,55.78,50,56,12.68,broken clouds
502,Inirida,CO,3.8653,-67.9239,73.02,98,97,1.14,overcast clouds
503,Belaya Gora,RU,68.5333,146.4167,43.5,53,99,8.39,overcast clouds
504,Te Anau,NZ,-45.4167,167.7167,44.24,91,1,0.58,clear sky
505,Jibuti,DJ,11.5,42.5,89.2,36,10,6.55,clear sky
506,Samarai,PG,-10.6167,150.6667,80.19,80,100,20.45,overcast clouds
507,Oyama,JP,36.3,139.8,70.66,87,100,8.95,light rain
508,Linhares,BR,-19.3911,-40.0722,66.79,97,100,4.38,overcast clouds
509,Jingdezhen,CN,29.2947,117.2079,68.38,96,100,2.17,light rain
510,Kamaishi,JP,39.2667,141.8833,68.95,97,100,6.33,overcast clouds
511,Kizhinga,RU,51.8462,109.9097,45.48,61,100,12.24,light rain
512,Key West,US,24.5557,-81.7826,77.0,69,100,24.56,overcast clouds
513,Erenhot,CN,43.6475,111.9767,63.68,12,100,25.55,overcast clouds
514,Saint-Francois,FR,46.4154,3.9054,53.19,81,75,6.91,broken clouds
515,Qui Nhon,VN,13.7667,109.2333,90.57,59,97,12.5,overcast clouds
516,Gao,ML,16.6362,1.637,93.51,22,79,3.53,broken clouds
517,Tam Ky,VN,15.5667,108.4833,93.18,55,19,13.49,few clouds
518,Galle,LK,6.0367,80.217,83.71,79,99,13.4,overcast clouds
519,Pimenta Bueno,BR,-11.6725,-61.1936,71.89,97,99,0.69,overcast clouds
520,Otane,NZ,-39.8833,176.6333,54.01,94,100,4.9,overcast clouds
521,Vaitape,PF,-16.5167,-151.75,81.72,73,6,13.62,clear sky
522,Villamontes,BO,-21.25,-63.5,65.73,70,100,7.27,overcast clouds
523,Solikamsk,RU,59.6196,56.7729,62.51,73,100,10.58,overcast clouds
524,Itarema,BR,-2.9248,-39.9167,74.91,92,22,10.0,few clouds
525,Paldiski,EE,59.3567,24.0531,56.41,63,8,10.96,clear sky
526,Tarija,BO,-21.5355,-64.7296,53.13,80,9,3.09,clear sky
527,Tezu,IN,27.9167,96.1667,79.52,89,89,1.86,overcast clouds
528,Boda,CF,4.3189,17.4695,75.78,85,100,2.39,overcast clouds
529,Berbera,SO,10.4396,45.0143,90.32,54,100,5.46,overcast clouds
530,Conceicao Do Araguaia,BR,-8.2578,-49.2647,75.33,91,0,2.66,clear sky
531,Bawku,GH,11.0616,-0.2417,83.73,55,100,10.78,overcast clouds
532,Bang Bo,TH,13.5743,100.8353,102.06,52,75,10.2,broken clouds
533,Goundam,ML,16.4145,-3.6708,90.81,35,64,17.65,broken clouds
534,Ilula,TZ,-7.6766,36.0366,66.27,66,30,6.2,scattered clouds
535,Shingu,JP,33.7333,135.9833,69.91,75,100,6.13,overcast clouds
536,Rio Grande,BR,-32.035,-52.0986,62.94,95,100,16.58,heavy intensity rain
537,Andros,GR,37.8333,24.9333,70.36,61,0,8.43,clear sky
538,Kandrian,PG,-6.2167,149.55,81.86,82,39,6.4,light rain
539,Kyrylivka,UA,46.3759,35.3675,64.38,67,34,17.11,scattered clouds
540,Luwuk,ID,-0.9516,122.7875,83.46,72,100,4.32,overcast clouds
541,Mayor Pablo Lagerenza,PY,-19.9309,-60.7718,72.63,73,94,10.31,overcast clouds
542,Tres Lagoas,BR,-20.7511,-51.6783,74.43,45,100,5.82,overcast clouds
543,Bathsheba,BB,13.2167,-59.5167,79.41,76,67,19.17,broken clouds
544,Geraldton,AU,-28.7667,114.6,77.41,61,100,20.45,overcast clouds
545,Calvinia,ZA,-31.4707,19.776,46.58,70,0,6.69,clear sky
546,Buala,SB,-8.145,159.5921,81.77,81,63,5.82,light rain
547,Ust-Nera,RU,64.5667,143.2,46.83,57,100,5.73,overcast clouds
548,Sandwick,GB,60.0,-1.25,44.42,67,20,17.54,few clouds
549,Camana,PE,-16.6228,-72.7111,62.92,88,55,8.95,broken clouds
550,Huilong,CN,31.8111,121.655,80.04,68,79,10.96,broken clouds
551,Chumphon,TH,10.3333,98.8333,82.51,87,100,7.43,light rain
552,Holme,DK,56.1138,10.1725,52.3,91,100,14.36,overcast clouds
553,Kaeo,NZ,-35.1,173.7833,57.33,87,100,14.81,moderate rain
554,Tilichiki,RU,60.4667,166.1,32.99,95,100,6.58,overcast clouds
555,Dumai,ID,1.6833,101.45,87.84,67,93,1.48,overcast clouds
556,Pacific Grove,US,36.6177,-121.9166,52.07,86,34,3.0,scattered clouds
557,Cruzeiro,BR,-22.5761,-44.9628,60.75,67,45,3.85,scattered clouds
558,Grebanu,RO,45.3833,26.9667,63.81,57,83,5.79,broken clouds
559,Grand-Santi,GF,4.25,-54.3833,72.93,100,100,1.57,overcast clouds
560,La Paz,BO,-16.5,-68.15,39.18,21,100,6.91,overcast clouds
561,Loiza,PR,18.4313,-65.8802,79.86,79,100,11.97,overcast clouds
562,Kankan,GN,10.3854,-9.3057,75.04,75,100,2.89,overcast clouds
563,Ongandjera,NA,-17.8833,15.0667,65.86,32,0,14.76,clear sky
564,Trairi,BR,-3.2778,-39.2689,73.42,93,10,7.25,clear sky
565,Quetta,PK,30.199,67.0097,81.07,10,0,7.31,clear sky
566,Broome,US,42.2506,-75.833,69.06,68,100,2.1,overcast clouds
567,Kysyl-Syr,RU,63.8986,122.7617,49.05,35,100,8.68,overcast clouds
568,Abnub,EG,27.2696,31.1511,75.42,32,0,17.72,clear sky
569,Bikin,RU,46.8161,134.26,82.87,34,97,4.18,overcast clouds
570,Nioro,GM,13.35,-15.75,73.9,50,39,4.21,scattered clouds
571,Xuddur,SO,4.1213,43.8894,83.19,50,9,20.0,clear sky
572,Fort Nelson,CA,58.8053,-122.7002,63.99,25,75,8.05,broken clouds
573,Lethem,GY,3.3803,-59.7968,75.09,89,97,9.93,overcast clouds
574,Vikarabad,IN,17.3333,77.9,91.89,34,100,7.16,overcast clouds
575,Pouembout,NC,-21.1333,164.9,70.23,75,49,7.78,scattered clouds
576,Xichang,CN,27.8964,102.2634,87.49,37,96,6.98,overcast clouds
577,Havelock,US,34.8791,-76.9013,63.95,95,7,4.16,clear sky
578,Sayyan,YE,15.1718,44.3244,72.07,18,39,10.94,scattered clouds
579,Inhuma,BR,-6.6683,-41.7078,68.95,81,5,6.08,clear sky
580,Osa,RU,57.2829,55.4567,60.37,91,100,8.46,moderate rain
581,Garowe,SO,8.4054,48.4845,85.84,47,100,25.57,overcast clouds
582,Vanersborg,SE,58.3807,12.3234,50.92,93,90,9.22,light rain
583,Radnevo,BG,42.3,25.9333,67.19,63,24,5.86,few clouds
584,Svetlogorsk,BY,52.6333,29.7333,60.93,66,72,14.12,broken clouds
585,Garissa,KE,-0.4536,39.6401,85.3,48,7,20.83,clear sky
586,Ramnagar,IN,29.4,79.1167,92.41,32,5,6.44,clear sky
587,Varhaug,NO,58.6147,5.6457,54.86,84,100,12.26,overcast clouds
588,Laibin,CN,23.7,109.2667,90.03,66,89,11.32,overcast clouds
589,Sumbe,AO,-11.2061,13.8437,78.19,69,11,3.96,few clouds
590,Qiryat Shemona,IL,33.2073,35.5721,75.61,50,0,9.33,clear sky
591,Yanam,IN,16.7333,82.2167,90.0,73,100,5.79,overcast clouds
592,Nelson Bay,AU,-32.7167,152.15,64.0,90,0,7.27,clear sky
593,Moussoro,TD,13.6408,16.4901,94.03,20,65,7.81,broken clouds
594,Caravelas,BR,-17.7125,-39.2481,69.42,90,21,6.38,few clouds
595,Kangaatsiaq,GL,68.3065,-53.4641,27.7,65,100,8.99,overcast clouds
596,San Policarpo,PH,12.1791,125.5072,84.38,72,7,8.88,clear sky
597,Sept-Iles,CA,50.2001,-66.3821,55.92,97,75,5.75,broken clouds
598,Tiznit,MA,29.5833,-9.5,86.11,19,98,2.66,overcast clouds
599,Ahipara,NZ,-35.1667,173.1667,58.28,85,100,11.36,light rain
600,Natal,BR,-5.795,-35.2094,73.62,77,20,8.32,few clouds
601,Yurino,RU,56.2942,46.3039,60.12,94,100,6.6,overcast clouds
602,Axim,GH,4.8699,-2.2405,80.01,79,100,2.01,overcast clouds
603,Tuckahoe,US,37.5901,-77.5564,61.07,79,95,4.32,overcast clouds
604,Henties Bay,NA,-22.116,14.2845,71.51,48,0,7.14,clear sky
605,Lokot,RU,52.565,34.5776,60.69,53,1,6.73,clear sky
606,Saint Anthony,US,45.0205,-93.218,72.18,89,1,1.99,clear sky
607,Springdale,US,36.1867,-94.1288,68.68,100,100,5.99,overcast clouds
608,Igarka,RU,67.4667,86.5833,35.82,100,100,13.31,overcast clouds
609,Kitimat,CA,54.0524,-128.6534,55.78,79,100,1.97,overcast clouds
610,Mawlaik,MM,23.6333,94.4167,109.36,22,36,0.49,scattered clouds
611,Plettenberg Bay,ZA,-34.0527,23.3716,54.64,60,9,3.85,clear sky
612,Sioux Lookout,CA,50.1001,-91.917,64.78,100,75,3.44,broken clouds
613,Onalaska,US,43.8844,-91.2351,69.66,88,40,11.5,scattered clouds
614,San Cristobal,VE,7.7669,-72.225,66.27,96,100,3.27,overcast clouds
615,Maple Creek,CA,49.9168,-109.4848,36.09,80,100,4.61,overcast clouds
616,Port Hardy,CA,50.6996,-127.4199,48.38,93,90,2.3,overcast clouds
617,Takoradi,GH,4.8845,-1.7554,78.91,84,100,3.78,overcast clouds
618,Romans-Sur-Isere,FR,45.0464,5.0562,57.94,83,0,3.94,clear sky
619,Abha,SA,18.2164,42.5053,80.42,24,0,5.55,clear sky
620,Santa Lucia,ES,27.9117,-15.5407,63.77,80,20,14.5,few clouds
621,Shadrinsk,RU,56.0852,63.6335,79.25,36,70,10.54,broken clouds
622,Yantal,RU,56.8471,105.2542,53.49,25,100,6.08,overcast clouds
623,Kashi,CN,39.4547,75.9797,74.41,16,40,11.5,light rain
624,Tura,IN,25.5198,90.2201,84.18,75,38,3.51,scattered clouds
625,Vao,NC,-22.6667,167.4833,72.21,68,3,17.11,clear sky
626,Muravlenko,RU,63.7898,74.523,81.45,23,18,14.74,few clouds
627,Soubre,CI,5.7856,-6.6083,73.24,93,84,1.3,broken clouds
628,Portree,GB,57.4129,-6.1942,45.86,70,45,7.85,scattered clouds
629,Port Hedland,AU,-20.3167,118.5667,89.65,19,0,13.8,clear sky
630,Nchelenge,ZM,-9.3451,28.734,67.69,57,15,6.98,few clouds
631,General Roca,AR,-39.0333,-67.5833,50.4,54,100,17.78,light rain
632,Vestmanna,FO,62.1564,-7.1664,40.12,81,90,3.22,overcast clouds
633,Krasnoarmeysk,RU,51.0239,45.6969,74.46,55,100,3.47,overcast clouds
634,Pisco,PE,-13.7,-76.2167,64.45,82,90,2.3,overcast clouds
635,Shelburne,CA,44.0787,-80.2041,70.25,58,100,8.57,overcast clouds
636,Inhambane,MZ,-23.865,35.3833,69.78,94,75,5.01,moderate rain
637,Murgab,TM,37.4966,61.9714,91.27,12,0,10.25,clear sky
638,Margate,GB,51.3813,1.3862,51.51,83,100,7.0,moderate rain
639,Mandalgovi,MN,45.7625,106.2708,37.4,55,100,35.7,overcast clouds
640,Sinjai,ID,-5.1241,120.253,84.65,69,10,7.85,clear sky
641,Apatity,RU,67.5641,33.4031,38.57,94,100,9.35,overcast clouds
642,Copiapo,CL,-27.3667,-70.3333,46.09,55,100,2.39,overcast clouds
643,Faya,SA,18.3851,42.4509,80.71,20,0,2.77,clear sky
644,Rio Verde De Mato Grosso,BR,-18.9181,-54.8442,73.6,64,97,3.38,overcast clouds
645,Novobiryusinskiy,RU,56.9578,97.7076,52.72,42,100,5.7,overcast clouds
646,Mareeba,AU,-17.0,145.4333,72.48,79,81,5.66,broken clouds
647,Dewas,IN,22.9667,76.0667,86.18,21,78,3.62,broken clouds
648,Kommunisticheskiy,RU,61.6789,64.4819,77.34,34,13,12.57,few clouds
649,Campoverde,PE,-8.4753,-74.8058,72.18,92,1,0.85,clear sky
650,Zhangye,CN,38.9342,100.4517,54.68,50,100,0.85,overcast clouds
651,Talara,PE,-4.5772,-81.2719,67.57,79,45,15.23,scattered clouds
652,Barcelona,ES,41.3888,2.159,66.02,81,20,1.01,few clouds
653,Kardla,EE,58.9978,22.7492,55.38,62,0,5.75,clear sky
654,Linqiong,CN,30.4159,103.4609,81.79,54,89,4.65,overcast clouds
655,Navalmoral De La Mata,ES,39.8916,-5.5406,58.96,47,100,4.41,overcast clouds
656,Uttarkashi,IN,30.7333,78.45,84.47,28,100,6.31,overcast clouds
657,Bull Savanna,JM,17.8868,-77.5902,73.99,82,100,5.14,overcast clouds
658,Taoudenni,ML,22.6783,-3.9836,92.23,25,36,8.25,scattered clouds
659,Shatki,RU,55.1887,44.1249,61.92,63,82,10.92,broken clouds
660,Yurla,RU,59.3259,54.3223,57.52,92,100,8.99,overcast clouds
661,Salinopolis,BR,-0.6136,-47.3561,79.03,85,100,10.94,overcast clouds
662,Paredon,MX,16.0333,-93.8667,83.43,69,1,3.33,clear sky
663,Calhoun,US,42.2506,-85.0005,66.34,68,1,0.0,clear sky
664,Marapanim,BR,-0.7175,-47.6997,74.19,96,97,4.07,overcast clouds
665,Paamiut,GL,61.994,-49.6678,32.67,75,100,25.59,overcast clouds
666,San Andres,CO,12.5847,-81.7006,80.62,89,75,12.66,broken clouds
667,Noumea,NC,-22.2763,166.4572,75.0,99,55,7.81,broken clouds
668,Ladario,BR,-19.0047,-57.6017,71.47,80,73,2.98,broken clouds
669,Alpena,US,45.0617,-83.4327,71.74,82,100,8.25,light rain
670,Flin Flon,CA,54.7682,-101.865,27.54,99,72,3.6,broken clouds
671,Takestan,IR,36.0696,49.6959,87.93,13,95,20.04,overcast clouds
672,Udachnyy,RU,66.4167,112.4,37.29,76,65,6.91,broken clouds
673,Hailey,US,43.5196,-114.3153,40.89,92,90,0.0,snow
674,Ekhabi,RU,53.5102,142.9671,40.28,88,92,9.28,overcast clouds
675,Dennery,LC,13.8996,-60.8879,79.74,73,96,18.92,overcast clouds
676,Eenhana,NA,-17.4667,16.3333,58.75,32,0,13.24,clear sky
677,Mattru,SL,7.6244,-11.8332,73.38,96,100,1.97,overcast clouds
678,Ginir,ET,7.1333,40.7,69.85,57,67,3.53,broken clouds
679,Ust-Ishim,RU,57.6935,71.1665,83.35,25,11,10.02,few clouds
680,Yarada,IN,17.65,83.2667,93.52,70,75,8.81,broken clouds
